test_name,module,memory,cpu
passing_test,proxy_demo,80666,25591111
passing_test,proxy_demo,79726,25339160
passing_test,proxy_demo,76630,24559683
passing_test,proxy_demo,76568,24523252
passing_test,proxy_demo,76630,24559683
passing_test,proxy_demo,80666,25591111
passing_test,proxy_demo,79664,25302729
passing_test,proxy_demo,79726,25339160
passing_test,proxy_demo,75628,24271301
passing_test,proxy_demo,80666,25591111
passing_test,proxy_demo,76630,24559683
passing_test,proxy_demo,75566,24234870
passing_test,proxy_demo,75628,24271301
passing_test,proxy_demo,75628,24271301
passing_test,proxy_demo,79664,25302729
passing_test,proxy_demo,75628,24271301
passing_test,proxy_demo,75628,24271301
passing_test,proxy_demo,75628,24271301
passing_test,proxy_demo,75566,24234870
passing_test,proxy_demo,79664,25302729
passing_test,proxy_demo,75566,24234870
passing_test,proxy_demo,80666,25591111
passing_test,proxy_demo,79664,25302729
passing_test,proxy_demo,79664,25302729
passing_test,proxy_demo,75628,24271301
passing_test,proxy_demo,76630,24559683
passing_test,proxy_demo,75566,24234870
passing_test,proxy_demo,80728,25627542
passing_test,proxy_demo,76568,24523252
passing_test,proxy_demo,80666,25591111
passing_test,proxy_demo,75566,24234870
passing_test,proxy_demo,80728,25627542
passing_test,proxy_demo,79664,25302729
passing_test,proxy_demo,79664,25302729
passing_test,proxy_demo,75628,24271301
passing_test,proxy_demo,75628,24271301
passing_test,proxy_demo,76630,24559683
passing_test,proxy_demo,79664,25302729
passing_test,proxy_demo,75628,24271301
passing_test,proxy_demo,80666,25591111
passing_test,proxy_demo,75566,24234870
passing_test,proxy_demo,75628,24271301
passing_test,proxy_demo,80666,25591111
passing_test,proxy_demo,79664,25302729
passing_test,proxy_demo,76568,24523252
passing_test,proxy_demo,76568,24523252
passing_test,proxy_demo,75566,24234870
passing_test,proxy_demo,76630,24559683
passing_test,proxy_demo,79726,25339160
passing_test,proxy_demo,80728,25627542
passing_test,proxy_demo,75566,24234870
passing_test,proxy_demo,75628,24271301
passing_test,proxy_demo,79726,25339160
passing_test,proxy_demo,79664,25302729
passing_test,proxy_demo,79664,25302729
passing_test,proxy_demo,75566,24234870
passing_test,proxy_demo,75566,24234870
passing_test,proxy_demo,79664,25302729
passing_test,proxy_demo,75566,24234870
passing_test,proxy_demo,79664,25302729
passing_test,proxy_demo,80728,25627542
passing_test,proxy_demo,79664,25302729
passing_test,proxy_demo,80666,25591111
passing_test,proxy_demo,79726,25339160
passing_test,proxy_demo,79664,25302729
passing_test,proxy_demo,80728,25627542
passing_test,proxy_demo,80666,25591111
passing_test,proxy_demo,75566,24234870
passing_test,proxy_demo,75566,24234870
passing_test,proxy_demo,79726,25339160
passing_test,proxy_demo,75628,24271301
passing_test,proxy_demo,76568,24523252
passing_test,proxy_demo,79726,25339160
passing_test,proxy_demo,76630,24559683
passing_test,proxy_demo,75566,24234870
passing_test,proxy_demo,80666,25591111
passing_test,proxy_demo,79726,25339160
passing_test,proxy_demo,80666,25591111
passing_test,proxy_demo,79664,25302729
passing_test,proxy_demo,80728,25627542
passing_test,proxy_demo,75628,24271301
passing_test,proxy_demo,79726,25339160
passing_test,proxy_demo,76630,24559683
passing_test,proxy_demo,76568,24523252
passing_test,proxy_demo,79726,25339160
passing_test,proxy_demo,79726,25339160
passing_test,proxy_demo,79726,25339160
passing_test,proxy_demo,76630,24559683
passing_test,proxy_demo,79726,25339160
passing_test,proxy_demo,80728,25627542
passing_test,proxy_demo,75566,24234870
passing_test,proxy_demo,80728,25627542
passing_test,proxy_demo,79726,25339160
passing_test,proxy_demo,75628,24271301
passing_test,proxy_demo,75628,24271301
passing_test,proxy_demo,76568,24523252
passing_test,proxy_demo,76568,24523252
passing_test,proxy_demo,75566,24234870
passing_test,proxy_demo,75628,24271301
passing_test,proxy_demo,80728,25627542
failing_test,proxy_demo,230546,69378851
failing_test,proxy_demo,62778,17849692
failing_test,proxy_demo,104496,30062711
failing_test,proxy_demo,21000,5582083
failing_test,proxy_demo,83976,25053906
failing_test,proxy_demo,63524,20390300
failing_test,proxy_demo,21000,5582083
failing_test,proxy_demo,21776,8149986
failing_test,proxy_demo,62778,17849692
failing_test,proxy_demo,62944,18526905
failing_test,proxy_demo,21776,8149986
failing_test,proxy_demo,62748,17822397
failing_test,proxy_demo,146892,44471139
failing_test,proxy_demo,188662,56448139
failing_test,proxy_demo,251216,74483651
failing_test,proxy_demo,335202,100786269
failing_test,proxy_demo,105174,32258120
failing_test,proxy_demo,21000,5582083
failing_test,proxy_demo,292964,86723965
failing_test,proxy_demo,104496,30062711
failing_test,proxy_demo,125528,36589712
failing_test,proxy_demo,63396,19990511
failing_test,proxy_demo,63230,19313298
failing_test,proxy_demo,126048,38398517
failing_test,proxy_demo,83720,24294808
failing_test,proxy_demo,146402,42689629
failing_test,proxy_demo,42002,12081789
failing_test,proxy_demo,21000,5582083
failing_test,proxy_demo,251262,75051684
failing_test,proxy_demo,125430,36217218
failing_test,proxy_demo,84202,25785709
failing_test,proxy_demo,293160,87428473
failing_test,proxy_demo,125724,37294220
failing_test,proxy_demo,21000,5582083
failing_test,proxy_demo,84202,25785709
failing_test,proxy_demo,21000,5582083
failing_test,proxy_demo,230508,69060947
failing_test,proxy_demo,188956,57525141
failing_test,proxy_demo,292618,85882982
failing_test,proxy_demo,272158,80928767
failing_test,proxy_demo,42198,12786297
failing_test,proxy_demo,167216,48775436
failing_test,proxy_demo,83976,25053906
failing_test,proxy_demo,21000,5582083
failing_test,proxy_demo,209800,63597763
failing_test,proxy_demo,42198,12786297
failing_test,proxy_demo,126236,38812416
failing_test,proxy_demo,188436,55716336
failing_test,proxy_demo,42198,12786297
failing_test,proxy_demo,146696,43766631
failing_test,proxy_demo,126274,39130320
failing_test,proxy_demo,125694,37266925
failing_test,proxy_demo,230192,68247259
failing_test,proxy_demo,21000,5582083
failing_test,proxy_demo,63426,20017806
failing_test,proxy_demo,21000,5582083
failing_test,proxy_demo,21000,5582083
failing_test,proxy_demo,21000,5582083
failing_test,proxy_demo,63230,19313298
failing_test,proxy_demo,272226,81273966
failing_test,proxy_demo,42198,12786297
failing_test,proxy_demo,41972,12054494
failing_test,proxy_demo,62974,18554200
failing_test,proxy_demo,188700,56766043
failing_test,proxy_demo,63200,19286003
failing_test,proxy_demo,167216,48775436
failing_test,proxy_demo,230214,67983945
failing_test,proxy_demo,335096,100123166
failing_test,proxy_demo,42002,12081789
failing_test,proxy_demo,313696,92978016
failing_test,proxy_demo,105144,32230825
failing_test,proxy_demo,84398,26490217
failing_test,proxy_demo,147178,45257532
failing_test,proxy_demo,21000,5582083
failing_test,proxy_demo,125920,37998728
failing_test,proxy_demo,125400,36189923
failing_test,proxy_demo,62974,18554200
failing_test,proxy_demo,271834,79824470
failing_test,proxy_demo,84006,25081201
failing_test,proxy_demo,480958,142144447
failing_test,proxy_demo,42228,12813592
failing_test,proxy_demo,42198,12786297
failing_test,proxy_demo,84172,25758414
failing_test,proxy_demo,42552,13917889
failing_test,proxy_demo,104888,31471727
failing_test,proxy_demo,125920,37998728
failing_test,proxy_demo,21000,5582083
failing_test,proxy_demo,21000,5582083
failing_test,proxy_demo,21000,5582083
failing_test,proxy_demo,460332,136553499
failing_test,proxy_demo,209762,63320339
failing_test,proxy_demo,21000,5582083
failing_test,proxy_demo,355842,105863774
failing_test,proxy_demo,62974,18554200
failing_test,proxy_demo,188474,56034240
failing_test,proxy_demo,21000,5582083
failing_test,proxy_demo,41972,12054494
failing_test,proxy_demo,105008,31580907
failing_test,proxy_demo,84202,25785709
failing_test,proxy_demo,42228,12813592
passing_test,proxy.test,80666,25591111
passing_test,proxy.test,79726,25339160
passing_test,proxy.test,76630,24559683
passing_test,proxy.test,76568,24523252
passing_test,proxy.test,76630,24559683
passing_test,proxy.test,80666,25591111
passing_test,proxy.test,79664,25302729
passing_test,proxy.test,79726,25339160
passing_test,proxy.test,75628,24271301
passing_test,proxy.test,80666,25591111
passing_test,proxy.test,76630,24559683
passing_test,proxy.test,75566,24234870
passing_test,proxy.test,75628,24271301
passing_test,proxy.test,75628,24271301
passing_test,proxy.test,79664,25302729
passing_test,proxy.test,75628,24271301
passing_test,proxy.test,75628,24271301
passing_test,proxy.test,75628,24271301
passing_test,proxy.test,75566,24234870
passing_test,proxy.test,79664,25302729
passing_test,proxy.test,75566,24234870
passing_test,proxy.test,80666,25591111
passing_test,proxy.test,79664,25302729
passing_test,proxy.test,79664,25302729
passing_test,proxy.test,75628,24271301
passing_test,proxy.test,76630,24559683
passing_test,proxy.test,75566,24234870
passing_test,proxy.test,80728,25627542
passing_test,proxy.test,76568,24523252
passing_test,proxy.test,80666,25591111
passing_test,proxy.test,75566,24234870
passing_test,proxy.test,80728,25627542
passing_test,proxy.test,79664,25302729
passing_test,proxy.test,79664,25302729
passing_test,proxy.test,75628,24271301
passing_test,proxy.test,75628,24271301
passing_test,proxy.test,76630,24559683
passing_test,proxy.test,79664,25302729
passing_test,proxy.test,75628,24271301
passing_test,proxy.test,80666,25591111
passing_test,proxy.test,75566,24234870
passing_test,proxy.test,75628,24271301
passing_test,proxy.test,80666,25591111
passing_test,proxy.test,79664,25302729
passing_test,proxy.test,76568,24523252
passing_test,proxy.test,76568,24523252
passing_test,proxy.test,75566,24234870
passing_test,proxy.test,76630,24559683
passing_test,proxy.test,79726,25339160
passing_test,proxy.test,80728,25627542
passing_test,proxy.test,75566,24234870
passing_test,proxy.test,75628,24271301
passing_test,proxy.test,79726,25339160
passing_test,proxy.test,79664,25302729
passing_test,proxy.test,79664,25302729
passing_test,proxy.test,75566,24234870
passing_test,proxy.test,75566,24234870
passing_test,proxy.test,79664,25302729
passing_test,proxy.test,75566,24234870
passing_test,proxy.test,79664,25302729
passing_test,proxy.test,80728,25627542
passing_test,proxy.test,79664,25302729
passing_test,proxy.test,80666,25591111
passing_test,proxy.test,79726,25339160
passing_test,proxy.test,79664,25302729
passing_test,proxy.test,80728,25627542
passing_test,proxy.test,80666,25591111
passing_test,proxy.test,75566,24234870
passing_test,proxy.test,75566,24234870
passing_test,proxy.test,79726,25339160
passing_test,proxy.test,75628,24271301
passing_test,proxy.test,76568,24523252
passing_test,proxy.test,79726,25339160
passing_test,proxy.test,76630,24559683
passing_test,proxy.test,75566,24234870
passing_test,proxy.test,80666,25591111
passing_test,proxy.test,79726,25339160
passing_test,proxy.test,80666,25591111
passing_test,proxy.test,79664,25302729
passing_test,proxy.test,80728,25627542
passing_test,proxy.test,75628,24271301
passing_test,proxy.test,79726,25339160
passing_test,proxy.test,76630,24559683
passing_test,proxy.test,76568,24523252
passing_test,proxy.test,79726,25339160
passing_test,proxy.test,79726,25339160
passing_test,proxy.test,79726,25339160
passing_test,proxy.test,76630,24559683
passing_test,proxy.test,79726,25339160
passing_test,proxy.test,80728,25627542
passing_test,proxy.test,75566,24234870
passing_test,proxy.test,80728,25627542
passing_test,proxy.test,79726,25339160
passing_test,proxy.test,75628,24271301
passing_test,proxy.test,75628,24271301
passing_test,proxy.test,76568,24523252
passing_test,proxy.test,76568,24523252
passing_test,proxy.test,75566,24234870
passing_test,proxy.test,75628,24271301
passing_test,proxy.test,80728,25627542
failing_test,proxy.test,230546,69378851
failing_test,proxy.test,62778,17849692
failing_test,proxy.test,104496,30062711
failing_test,proxy.test,21000,5582083
failing_test,proxy.test,83976,25053906
failing_test,proxy.test,63524,20390300
failing_test,proxy.test,21000,5582083
failing_test,proxy.test,21776,8149986
failing_test,proxy.test,62778,17849692
failing_test,proxy.test,62944,18526905
failing_test,proxy.test,21776,8149986
failing_test,proxy.test,62748,17822397
failing_test,proxy.test,146892,44471139
failing_test,proxy.test,188662,56448139
failing_test,proxy.test,251216,74483651
failing_test,proxy.test,335202,100786269
failing_test,proxy.test,105174,32258120
failing_test,proxy.test,21000,5582083
failing_test,proxy.test,292964,86723965
failing_test,proxy.test,104496,30062711
failing_test,proxy.test,125528,36589712
failing_test,proxy.test,63396,19990511
failing_test,proxy.test,63230,19313298
failing_test,proxy.test,126048,38398517
failing_test,proxy.test,83720,24294808
failing_test,proxy.test,146402,42689629
failing_test,proxy.test,42002,12081789
failing_test,proxy.test,21000,5582083
failing_test,proxy.test,251262,75051684
failing_test,proxy.test,125430,36217218
failing_test,proxy.test,84202,25785709
failing_test,proxy.test,293160,87428473
failing_test,proxy.test,125724,37294220
failing_test,proxy.test,21000,5582083
failing_test,proxy.test,84202,25785709
failing_test,proxy.test,21000,5582083
failing_test,proxy.test,230508,69060947
failing_test,proxy.test,188956,57525141
failing_test,proxy.test,292618,85882982
failing_test,proxy.test,272158,80928767
failing_test,proxy.test,42198,12786297
failing_test,proxy.test,167216,48775436
failing_test,proxy.test,83976,25053906
failing_test,proxy.test,21000,5582083
failing_test,proxy.test,209800,63597763
failing_test,proxy.test,42198,12786297
failing_test,proxy.test,126236,38812416
failing_test,proxy.test,188436,55716336
failing_test,proxy.test,42198,12786297
failing_test,proxy.test,146696,43766631
failing_test,proxy.test,126274,39130320
failing_test,proxy.test,125694,37266925
failing_test,proxy.test,230192,68247259
failing_test,proxy.test,21000,5582083
failing_test,proxy.test,63426,20017806
failing_test,proxy.test,21000,5582083
failing_test,proxy.test,21000,5582083
failing_test,proxy.test,21000,5582083
failing_test,proxy.test,63230,19313298
failing_test,proxy.test,272226,81273966
failing_test,proxy.test,42198,12786297
failing_test,proxy.test,41972,12054494
failing_test,proxy.test,62974,18554200
failing_test,proxy.test,188700,56766043
failing_test,proxy.test,63200,19286003
failing_test,proxy.test,167216,48775436
failing_test,proxy.test,230214,67983945
failing_test,proxy.test,335096,100123166
failing_test,proxy.test,42002,12081789
failing_test,proxy.test,313696,92978016
failing_test,proxy.test,105144,32230825
failing_test,proxy.test,84398,26490217
failing_test,proxy.test,147178,45257532
failing_test,proxy.test,21000,5582083
failing_test,proxy.test,125920,37998728
failing_test,proxy.test,125400,36189923
failing_test,proxy.test,62974,18554200
failing_test,proxy.test,271834,79824470
failing_test,proxy.test,84006,25081201
failing_test,proxy.test,480958,142144447
failing_test,proxy.test,42228,12813592
failing_test,proxy.test,42198,12786297
failing_test,proxy.test,84172,25758414
failing_test,proxy.test,42552,13917889
failing_test,proxy.test,104888,31471727
failing_test,proxy.test,125920,37998728
failing_test,proxy.test,21000,5582083
failing_test,proxy.test,21000,5582083
failing_test,proxy.test,21000,5582083
failing_test,proxy.test,460332,136553499
failing_test,proxy.test,209762,63320339
failing_test,proxy.test,21000,5582083
failing_test,proxy.test,355842,105863774
failing_test,proxy.test,62974,18554200
failing_test,proxy.test,188474,56034240
failing_test,proxy.test,21000,5582083
failing_test,proxy.test,41972,12054494
failing_test,proxy.test,105008,31580907
failing_test,proxy.test,84202,25785709
failing_test,proxy.test,42228,12813592
